,means,stds,params,Model,Recall,F1_Score,Iteration,AUC
0,0.8058135663753639,0.04360399078807851,"{'C': 0.1, 'class_weight': None, 'penalty': 'l2', 'solver': 'liblinear'}",Logistic_Regression,0.6812865497076024,0.7304075235109718,1,0.7832662256734733
0,0.7493508114856431,0.03431271197065705,"{'leaf_size': 26, 'n_neighbors': 11, 'p': 1}",KNeighbors,0.6666666666666666,0.7069767441860464,1,0.7650273224043714
0,0.7781356637536414,0.0332521362693584,{'var_smoothing': 4.71486636345739e-06},GaussianNB,0.6871345029239766,0.7110438729198185,1,0.7670645192215512
0,0.670120682480233,0.10997010472433537,"{'early_stopping': False, 'eta0': 0.1, 'max_iter': 100, 'penalty': 'l2'}",Perceptron,0.8713450292397661,0.6874279123414071,1,0.7289329882082255
0,0.7961007074490218,0.04012456275819456,"{'C': 0.1, 'max_iter': 10000, 'penalty': 'l2'}",LinearSVC,0.6871345029239766,0.7253086419753088,1,0.7789042277825711
0,0.7785060341240116,0.05195736504681226,"{'alpha': 0.01, 'learning_rate': 'optimal', 'loss': 'log', 'penalty': 'l1'}",SGDClassifier,0.7923976608187134,0.6826196473551638,1,0.7313536573674623
0,0.8193091968372868,0.04069471333881053,"{'criterion': 'gini', 'max_features': None, 'min_samples_leaf': 5, 'min_samples_split': 10, 'splitter': 'best'}",DecisionTreeClassifier,0.8245614035087719,0.858447488584475,1,0.8822260569456428
0,0.8320016645859343,0.038313768518377936,"{'bootstrap': True, 'criterion': 'gini', 'max_depth': 10, 'max_features': None, 'min_samples_leaf': 1, 'min_samples_split': 2, 'n_estimators': 1000}",RandomForestClassifier,0.8947368421052632,0.9400921658986175,1,0.9446361806154732
0,0.8406117353308364,0.03415367938834591,"{'colsample_bytree': 0.6, 'gamma': 1, 'learning_rate': 0.01, 'max_depth': 9, 'min_child_weight': 5, 'n_estimators': 2000, 'subsample': 1.0, 'use_label_encoder': False}",XGBClassifier,0.8128654970760234,0.8540706605222734,1,0.8781995973540409
